,FROM-ID,TO-ID,DISTANCE,lat_from,long_from,lat_to,long_to
0,50295233e4b0db2acbb75c69,4f1d62b0e4b03543a3409cd2,0.12997433,24.69346785,46.66963577,24.69187256,46.66885305
1,4fcf729ae4b07997d3141487,4f1d62b0e4b03543a3409cd2,0.01733846,24.69218587,46.67000356,24.69187256,46.66885305
2,4fcf729ae4b07997d3141487,4f1d62b0e4b03543a3409cd2,0.01733846,24.69233696,46.66996112,24.69187256,46.66885305
3,5318e95f498eaff004e39f6c,533687b3498ec0c5b90ff33b,0.030966393,24.69178485,46.66973479,24.69151388,46.66966406
4,5318e95f498eaff004e39f6c,533687b3498ec0c5b90ff33b,0.030966393,24.69174811,46.6690558,24.69151388,46.66966406
5,4f1d62b0e4b03543a3409cd2,4fcf729ae4b07997d3141487,0.01733846,24.69187256,46.66885305,24.69218587,46.67000356
6,4f1d62b0e4b03543a3409cd2,4fcf729ae4b07997d3141487,0.01733846,24.69187256,46.66885305,24.69233696,46.66996112
7,4d4c01cfe4fd6ea8f7e8be61,4c601b8490b2c9b6d7013c22,0.058322991,24.69147424,46.67071085,24.69246582,46.67130499
8,4d4c01cfe4fd6ea8f7e8be61,4c601b8490b2c9b6d7013c22,0.058322991,24.69147424,46.67071085,24.69208746,46.67135686
9,4d4c01cfe4fd6ea8f7e8be61,4c601b8490b2c9b6d7013c22,0.058322991,24.69147424,46.67071085,24.69391192,46.67052696
10,4d4c01cfe4fd6ea8f7e8be61,4c601b8490b2c9b6d7013c22,0.058322991,24.69147424,46.67071085,24.69194985,46.67120125
11,4d4c01cfe4fd6ea8f7e8be61,4c601b8490b2c9b6d7013c22,0.058322991,24.69147424,46.67071085,24.6924586,46.66917368
12,4d4c01cfe4fd6ea8f7e8be61,4c601b8490b2c9b6d7013c22,0.058322991,24.692233,46.670081,24.69246582,46.67130499
13,4d4c01cfe4fd6ea8f7e8be61,4c601b8490b2c9b6d7013c22,0.058322991,24.692233,46.670081,24.69208746,46.67135686
14,4d4c01cfe4fd6ea8f7e8be61,4c601b8490b2c9b6d7013c22,0.058322991,24.692233,46.670081,24.69391192,46.67052696
15,4d4c01cfe4fd6ea8f7e8be61,4c601b8490b2c9b6d7013c22,0.058322991,24.692233,46.670081,24.69194985,46.67120125
16,4d4c01cfe4fd6ea8f7e8be61,4c601b8490b2c9b6d7013c22,0.058322991,24.692233,46.670081,24.6924586,46.66917368
17,4d4c01cfe4fd6ea8f7e8be61,504c55e7e4b04421f3310d34,0.798931502,24.69147424,46.67071085,24.69416863,46.67872282
18,4d4c01cfe4fd6ea8f7e8be61,504c55e7e4b04421f3310d34,0.798931502,24.692233,46.670081,24.69416863,46.67872282
19,4cab502436fa6dcbd0e5d778,4c4c19985609c9b6dbac0992,0.066359255,24.69787485,46.6836977,24.69740567,46.68330234
20,4cab502436fa6dcbd0e5d778,4c4c19985609c9b6dbac0992,0.066359255,24.69787485,46.6836977,24.6979379,46.68359949
21,4cab502436fa6dcbd0e5d778,4c4c19985609c9b6dbac0992,0.066359255,24.69787485,46.6836977,24.69726272,46.68353817
22,4c4c19985609c9b6dbac0992,4cab502436fa6dcbd0e5d778,0.066359255,24.69740567,46.68330234,24.69787485,46.6836977
23,4c4c19985609c9b6dbac0992,4cab502436fa6dcbd0e5d778,0.066359255,24.6979379,46.68359949,24.69787485,46.6836977
24,4c4c19985609c9b6dbac0992,4cab502436fa6dcbd0e5d778,0.066359255,24.69726272,46.68353817,24.69787485,46.6836977
25,4be70e16cf200f47b634153c,4d2146a4d7b0b1f77cf71b9f,0.154500122,24.67585123,46.67619507,24.67609531,46.67559145
26,4be70e16cf200f47b634153c,4d2146a4d7b0b1f77cf71b9f,0.154500122,24.67585123,46.67619507,24.67566508,46.67582252
27,4be70e16cf200f47b634153c,4d2146a4d7b0b1f77cf71b9f,0.154500122,24.67585123,46.67619507,24.67614917,46.67711938
28,52c11e7a11d21c6e7f7c0e7b,541ff49b498e451a8f1a7164,0.00697953,24.71173388,46.6754877,24.71178341,46.67553014
29,4c601b8490b2c9b6d7013c22,4d4c01cfe4fd6ea8f7e8be61,0.058322991,24.69246582,46.67130499,24.69147424,46.67071085
30,4c601b8490b2c9b6d7013c22,4d4c01cfe4fd6ea8f7e8be61,0.058322991,24.69246582,46.67130499,24.692233,46.670081
31,4c601b8490b2c9b6d7013c22,4d4c01cfe4fd6ea8f7e8be61,0.058322991,24.69208746,46.67135686,24.69147424,46.67071085
32,4c601b8490b2c9b6d7013c22,4d4c01cfe4fd6ea8f7e8be61,0.058322991,24.69208746,46.67135686,24.692233,46.670081
33,4c601b8490b2c9b6d7013c22,4d4c01cfe4fd6ea8f7e8be61,0.058322991,24.69391192,46.67052696,24.69147424,46.67071085
34,4c601b8490b2c9b6d7013c22,4d4c01cfe4fd6ea8f7e8be61,0.058322991,24.69391192,46.67052696,24.692233,46.670081
35,4c601b8490b2c9b6d7013c22,4d4c01cfe4fd6ea8f7e8be61,0.058322991,24.69194985,46.67120125,24.69147424,46.67071085
36,4c601b8490b2c9b6d7013c22,4d4c01cfe4fd6ea8f7e8be61,0.058322991,24.69194985,46.67120125,24.692233,46.670081
37,4c601b8490b2c9b6d7013c22,4d4c01cfe4fd6ea8f7e8be61,0.058322991,24.6924586,46.66917368,24.69147424,46.67071085
38,4c601b8490b2c9b6d7013c22,4d4c01cfe4fd6ea8f7e8be61,0.058322991,24.6924586,46.66917368,24.692233,46.670081
39,4d2146a4d7b0b1f77cf71b9f,4be70e16cf200f47b634153c,0.154500122,24.67609531,46.67559145,24.67585123,46.67619507
40,4d2146a4d7b0b1f77cf71b9f,4be70e16cf200f47b634153c,0.154500122,24.67566508,46.67582252,24.67585123,46.67619507
41,4d2146a4d7b0b1f77cf71b9f,4be70e16cf200f47b634153c,0.154500122,24.67614917,46.67711938,24.67585123,46.67619507
42,541ff49b498e451a8f1a7164,50b08d04e4b045752b6cda32,0.112237325,24.71178341,46.67553014,24.711759,46.67510101
43,4e5bcac318388cd5cbc1a9c5,50b08d04e4b045752b6cda32,0.118668326,24.71182915,46.67315816,24.711759,46.67510101
44,4c892e4897828cfa5630a2aa,50b08d04e4b045752b6cda32,0.981272579,24.71671738,46.68273637,24.711759,46.67510101
45,4c892e4897828cfa5630a2aa,50b08d04e4b045752b6cda32,0.981272579,24.71490971,46.67785585,24.711759,46.67510101
46,4c892e4897828cfa5630a2aa,50b08d04e4b045752b6cda32,0.981272579,24.71208307,46.67446911,24.711759,46.67510101
47,4c892e4897828cfa5630a2aa,50b08d04e4b045752b6cda32,0.981272579,24.69712918,46.68392301,24.711759,46.67510101
48,4b65bb89f964a52059fc2ae3,5257253411d294223f9f3688,0.366867827,24.69958551,46.69253826,24.69841583,46.68914258
49,4b65bb89f964a52059fc2ae3,5257253411d294223f9f3688,0.366867827,24.699396,46.691686,24.69841583,46.68914258
50,4b65bb89f964a52059fc2ae3,5257253411d294223f9f3688,0.366867827,24.69955758,46.69224093,24.69841583,46.68914258
51,4e5bcac318388cd5cbc1a9c5,4b6afa55f964a5202fea2be3,0.02821436,24.71182915,46.67315816,24.71126851,46.67445967
52,4e5bcac318388cd5cbc1a9c5,4b6afa55f964a5202fea2be3,0.02821436,24.71182915,46.67315816,24.71101655,46.67442666
53,508ed42fe4b0c36e94d12fde,4e91596e49013919db2fba98,0.665386563,24.67677613,46.67784093,24.67547999,46.67426633
54,508ed42fe4b0c36e94d12fde,4e91596e49013919db2fba98,0.665386563,24.67677613,46.67784093,24.68083972,46.67719484
55,508ed42fe4b0c36e94d12fde,4e91596e49013919db2fba98,0.665386563,24.67677613,46.67784093,24.67608847,46.67538867
56,508ed42fe4b0c36e94d12fde,4e91596e49013919db2fba98,0.665386563,24.67677613,46.67784093,24.67621438,46.67601115
57,4be80229ee96c9280e86fdbf,4b82e734f964a52022ec30e3,0.017922656,24.69025499,46.68490127,24.69022604,46.68507578
58,4be80229ee96c9280e86fdbf,4b82e734f964a52022ec30e3,0.017922656,24.69025499,46.68490127,24.68913547,46.68448149
59,4b82e734f964a52022ec30e3,4cb86ba69552b60cd855cc8b,0.084178866,24.69022604,46.68507578,24.69073393,46.6844579
60,4b82e734f964a52022ec30e3,4cb86ba69552b60cd855cc8b,0.084178866,24.69022604,46.68507578,24.69120258,46.68621898
61,4b82e734f964a52022ec30e3,4cb86ba69552b60cd855cc8b,0.084178866,24.68913547,46.68448149,24.69073393,46.6844579
62,4b82e734f964a52022ec30e3,4cb86ba69552b60cd855cc8b,0.084178866,24.68913547,46.68448149,24.69120258,46.68621898
63,522b709511d203fd862ad7aa,52effe1e498e631c290b8416,0.013375436,24.75349624,46.61016986,24.75338381,46.61021695
64,522b709511d203fd862ad7aa,52effe1e498e631c290b8416,0.013375436,24.75349624,46.61016986,24.75355964,46.60970832
65,5380ed0c498eaf0c7902f1d3,520d511711d2b31f9d7727b0,0.085251049,24.75346511,46.6095529,24.75342362,46.61039592
66,5380ed0c498eaf0c7902f1d3,520d511711d2b31f9d7727b0,0.085251049,24.75347319,46.6096989,24.75342362,46.61039592
67,520d511711d2b31f9d7727b0,512643bce4b0f48095f51257,2.12938132,24.75342362,46.61039592,24.75332473,46.61040534
68,520d511711d2b31f9d7727b0,512643bce4b0f48095f51257,2.12938132,24.75342362,46.61039592,24.75346224,46.60987315
69,4c8fbb1e0b9e3704ddce615e,512643bce4b0f48095f51257,2.759524981,24.77029092,46.62038132,24.75332473,46.61040534
70,4c8fbb1e0b9e3704ddce615e,512643bce4b0f48095f51257,2.759524981,24.77029092,46.62038132,24.75346224,46.60987315
71,4b6afa55f964a5202fea2be3,4e5bcac318388cd5cbc1a9c5,0.02821436,24.71126851,46.67445967,24.71182915,46.67315816
72,4b6afa55f964a5202fea2be3,4e5bcac318388cd5cbc1a9c5,0.02821436,24.71101655,46.67442666,24.71182915,46.67315816
73,4b6afa55f964a5202fea2be3,50b10a19e4b004e6d2ec4344,2.790938898,24.71126851,46.67445967,24.68699332,46.68148181
74,4b6afa55f964a5202fea2be3,50b10a19e4b004e6d2ec4344,2.790938898,24.71101655,46.67442666,24.68699332,46.68148181
75,4b6afa55f964a5202fea2be3,52c44ed2498e2ff9cc1d2355,10.48845836,24.71126851,46.67445967,24.79611408,46.62907779
76,4b6afa55f964a5202fea2be3,52c44ed2498e2ff9cc1d2355,10.48845836,24.71101655,46.67442666,24.79611408,46.62907779
77,4e91596e49013919db2fba98,508ed42fe4b0c36e94d12fde,0.665386563,24.67547999,46.67426633,24.67677613,46.67784093
78,4e91596e49013919db2fba98,508ed42fe4b0c36e94d12fde,0.665386563,24.68083972,46.67719484,24.67677613,46.67784093
79,4e91596e49013919db2fba98,508ed42fe4b0c36e94d12fde,0.665386563,24.67608847,46.67538867,24.67677613,46.67784093
80,4e91596e49013919db2fba98,508ed42fe4b0c36e94d12fde,0.665386563,24.67621438,46.67601115,24.67677613,46.67784093
81,4cb86ba69552b60cd855cc8b,4bc2c6b374a9a593fbbcd3f6,0.185393932,24.69073393,46.6844579,24.6901228,46.6868257
82,4cb86ba69552b60cd855cc8b,4bc2c6b374a9a593fbbcd3f6,0.185393932,24.69120258,46.68621898,24.6901228,46.6868257
83,4cb86ba69552b60cd855cc8b,4b781727f964a52058b52ee3,0.837531079,24.69073393,46.6844579,24.69798213,46.6867125
84,4cb86ba69552b60cd855cc8b,4b781727f964a52058b52ee3,0.837531079,24.69120258,46.68621898,24.69798213,46.6867125
85,512643bce4b0f48095f51257,4c8fbb1e0b9e3704ddce615e,2.759524981,24.75332473,46.61040534,24.77029092,46.62038132
86,512643bce4b0f48095f51257,4c8fbb1e0b9e3704ddce615e,2.759524981,24.75346224,46.60987315,24.77029092,46.62038132
87,4e844af9d3e35a80a8e7ac53,4c8fbb1e0b9e3704ddce615e,0.269657022,24.74318065,46.62107378,24.77029092,46.62038132
88,4bbf8fdb74a9a593c6aacef6,4c8fbb1e0b9e3704ddce615e,0.182460869,24.74541737,46.62025414,24.77029092,46.62038132
89,4bbf8fdb74a9a593c6aacef6,4c8fbb1e0b9e3704ddce615e,0.182460869,24.74547442,46.62020703,24.77029092,46.62038132
90,4d8b488cbc848cfacb8bec2b,4efef727490182a1a6d3887b,8.251970383,24.74665238,46.52372491,24.72354971,46.6013731
91,4d8b488cbc848cfacb8bec2b,4efef727490182a1a6d3887b,8.251970383,24.7536781,46.60951994,24.72354971,46.6013731
92,4ce06c1b7e2e236afc128b1b,4f69ee04e4b0656e874897dd,2.87575778,24.63418369,46.65507317,24.61300979,46.67140873
93,4ce06c1b7e2e236afc128b1b,4f713ceee4b022ab214c0915,1.556952406,24.63418369,46.65507317,24.64535535,46.66435972
94,4e060d497d8b2a018051a4fc,4eee25c57ee5f4538830f7e2,0.064565124,24.7052736,46.67810502,24.7024065,46.68033103
95,4e060d497d8b2a018051a4fc,4eee25c57ee5f4538830f7e2,0.064565124,24.7052736,46.67810502,24.70245428,46.68051497
96,4e060d497d8b2a018051a4fc,4eee25c57ee5f4538830f7e2,0.064565124,24.7052736,46.67810502,24.70228901,46.68070833
97,5043b34ee4b02607d16e1bd0,4e060d497d8b2a018051a4fc,0.345402003,24.70523348,46.67929819,24.7052736,46.67810502
98,5043b34ee4b02607d16e1bd0,4e060d497d8b2a018051a4fc,0.345402003,24.7025179,46.68095829,24.7052736,46.67810502
99,4c8fbb1e0b9e3704ddce615e,4e844af9d3e35a80a8e7ac53,0.269657022,24.77029092,46.62038132,24.74318065,46.62107378
100,554be02c498e01d1a1f779b6,54cce87a498e1f968efc1e8d,10.43476952,24.7370505,46.57476153,24.79640285,46.65481332
101,554be02c498e01d1a1f779b6,54cce87a498e1f968efc1e8d,10.43476952,24.736393,46.57502508,24.79640285,46.65481332
102,4e844af9d3e35a80a8e7ac53,4bbf8fdb74a9a593c6aacef6,0.122399714,24.74318065,46.62107378,24.74541737,46.62025414
103,4e844af9d3e35a80a8e7ac53,4bbf8fdb74a9a593c6aacef6,0.122399714,24.74318065,46.62107378,24.74547442,46.62020703
104,4e973ca4722eef174f72d523,4bbf8fdb74a9a593c6aacef6,0.009003927,24.74429559,46.62133287,24.74541737,46.62025414
105,4e973ca4722eef174f72d523,4bbf8fdb74a9a593c6aacef6,0.009003927,24.74429559,46.62133287,24.74547442,46.62020703
106,4e973ca4722eef174f72d523,4bbf8fdb74a9a593c6aacef6,0.009003927,24.7442411,46.62139882,24.74541737,46.62025414
107,4e973ca4722eef174f72d523,4bbf8fdb74a9a593c6aacef6,0.009003927,24.7442411,46.62139882,24.74547442,46.62020703
108,4e973ca4722eef174f72d523,4bbf8fdb74a9a593c6aacef6,0.009003927,24.74540173,46.62024472,24.74541737,46.62025414
109,4e973ca4722eef174f72d523,4bbf8fdb74a9a593c6aacef6,0.009003927,24.74540173,46.62024472,24.74547442,46.62020703
110,4e844af9d3e35a80a8e7ac53,4e8ab3a3b803fd0aa06a131e,0.164342498,24.74318065,46.62107378,24.74465831,46.62104081
111,4bbf8fdb74a9a593c6aacef6,4e973ca4722eef174f72d523,0.009003927,24.74541737,46.62025414,24.74429559,46.62133287
112,4bbf8fdb74a9a593c6aacef6,4e973ca4722eef174f72d523,0.009003927,24.74541737,46.62025414,24.7442411,46.62139882
113,4bbf8fdb74a9a593c6aacef6,4e973ca4722eef174f72d523,0.009003927,24.74541737,46.62025414,24.74540173,46.62024472
114,4bbf8fdb74a9a593c6aacef6,4e973ca4722eef174f72d523,0.009003927,24.74547442,46.62020703,24.74429559,46.62133287
115,4bbf8fdb74a9a593c6aacef6,4e973ca4722eef174f72d523,0.009003927,24.74547442,46.62020703,24.7442411,46.62139882
116,4bbf8fdb74a9a593c6aacef6,4e973ca4722eef174f72d523,0.009003927,24.74547442,46.62020703,24.74540173,46.62024472
117,4f1eb45ee4b0293a86501bdc,50ae9bdce4b03c6b1d2395ff,0.065739159,24.71384433,46.63361977,24.71325662,46.63369045
118,4f1eb45ee4b0293a86501bdc,50ae9bdce4b03c6b1d2395ff,0.065739159,24.71361189,46.63335591,24.71325662,46.63369045
119,4f1eb45ee4b0293a86501bdc,50ae9bdce4b03c6b1d2395ff,0.065739159,24.71336318,46.63372815,24.71325662,46.63369045
120,4f1eb45ee4b0293a86501bdc,50ae9bdce4b03c6b1d2395ff,0.065739159,24.71332848,46.63377055,24.71325662,46.63369045
121,4b9948a2f964a520097035e3,4f2ad24ae4b050ce91a076f1,0.097648859,24.78665447,46.65966879,24.78709127,46.66050794
122,4b9948a2f964a520097035e3,4dee531fe4cd032b189f9735,0.131668397,24.78665447,46.65966879,24.78783708,46.65973479
123,4d98c87b744f3704d7dff757,5392bba3498ee0e5e0b5258f,0.290388244,24.78059864,46.73057464,24.78306694,46.72963518
124,4d98c87b744f3704d7dff757,5392bba3498ee0e5e0b5258f,0.290388244,24.78059864,46.73057464,24.78197686,46.7316888
125,4d98c87b744f3704d7dff757,5392bba3498ee0e5e0b5258f,0.290388244,24.78059864,46.73057464,24.78352755,46.72990899
126,4d98c87b744f3704d7dff757,5392bba3498ee0e5e0b5258f,0.290388244,24.78059864,46.73057464,24.78134661,46.73032915
127,4d98c87b744f3704d7dff757,5392bba3498ee0e5e0b5258f,0.290388244,24.78268245,46.73000336,24.78306694,46.72963518
128,4d98c87b744f3704d7dff757,5392bba3498ee0e5e0b5258f,0.290388244,24.78268245,46.73000336,24.78197686,46.7316888
129,4d98c87b744f3704d7dff757,5392bba3498ee0e5e0b5258f,0.290388244,24.78268245,46.73000336,24.78352755,46.72990899
130,4d98c87b744f3704d7dff757,5392bba3498ee0e5e0b5258f,0.290388244,24.78268245,46.73000336,24.78134661,46.73032915
131,4d1335a5d0fda093324eb157,5392bba3498ee0e5e0b5258f,0.058200103,24.78128441,46.73043773,24.78306694,46.72963518
132,4d1335a5d0fda093324eb157,5392bba3498ee0e5e0b5258f,0.058200103,24.78128441,46.73043773,24.78197686,46.7316888
133,4d1335a5d0fda093324eb157,5392bba3498ee0e5e0b5258f,0.058200103,24.78128441,46.73043773,24.78352755,46.72990899
134,4d1335a5d0fda093324eb157,5392bba3498ee0e5e0b5258f,0.058200103,24.78128441,46.73043773,24.78134661,46.73032915
135,50d5f40ae4b0a7a64fba7fa8,4e5aba9a1f6e804280d74be3,10.09686382,24.76788756,46.66129053,24.76577602,46.6601968
136,50d5f40ae4b0a7a64fba7fa8,4e5aba9a1f6e804280d74be3,10.09686382,24.76788756,46.66129053,24.77029159,46.66743279
137,4ead7c5f02d5cf33fa6f9014,4e5aba9a1f6e804280d74be3,2.993829131,24.70289333,46.76945267,24.76577602,46.6601968
138,4ead7c5f02d5cf33fa6f9014,4e5aba9a1f6e804280d74be3,2.993829131,24.70289333,46.76945267,24.77029159,46.66743279
139,4ead7c5f02d5cf33fa6f9014,4e5aba9a1f6e804280d74be3,2.993829131,24.72637184,46.75494545,24.76577602,46.6601968
140,4ead7c5f02d5cf33fa6f9014,4e5aba9a1f6e804280d74be3,2.993829131,24.72637184,46.75494545,24.77029159,46.66743279
141,4e5aba9a1f6e804280d74be3,4ead7c5f02d5cf33fa6f9014,2.993829131,24.76577602,46.6601968,24.70289333,46.76945267
142,4e5aba9a1f6e804280d74be3,4ead7c5f02d5cf33fa6f9014,2.993829131,24.76577602,46.6601968,24.72637184,46.75494545
143,4e5aba9a1f6e804280d74be3,4ead7c5f02d5cf33fa6f9014,2.993829131,24.77029159,46.66743279,24.70289333,46.76945267
144,4e5aba9a1f6e804280d74be3,4ead7c5f02d5cf33fa6f9014,2.993829131,24.77029159,46.66743279,24.72637184,46.75494545
145,4e5aba9a1f6e804280d74be3,50d5f40ae4b0a7a64fba7fa8,10.09686382,24.76577602,46.6601968,24.76788756,46.66129053
146,4e5aba9a1f6e804280d74be3,50d5f40ae4b0a7a64fba7fa8,10.09686382,24.77029159,46.66743279,24.76788756,46.66129053
147,4f15c269e4b03f4c03fb50e0,5229e9e6498e14e4533bca01,0.011253872,24.65986933,46.78696044,24.65980401,46.78704551
148,4ec2ba5c775b802d1ff48dbf,4e663c9c7d8b85408b4502ca,0.136797384,24.66061901,46.78352929,24.65870994,46.78367579
149,4ec2ba5c775b802d1ff48dbf,4e663c9c7d8b85408b4502ca,0.136797384,24.66061901,46.78352929,24.66014181,46.78308032
150,4dd69987b0fb8af38070e940,4e663c9c7d8b85408b4502ca,0.130013761,24.66012502,46.78289601,24.65870994,46.78367579
151,4dd69987b0fb8af38070e940,4e663c9c7d8b85408b4502ca,0.130013761,24.66012502,46.78289601,24.66014181,46.78308032
152,4dd69987b0fb8af38070e940,4e663c9c7d8b85408b4502ca,0.130013761,24.65944826,46.78394517,24.65870994,46.78367579
153,4dd69987b0fb8af38070e940,4e663c9c7d8b85408b4502ca,0.130013761,24.65944826,46.78394517,24.66014181,46.78308032
154,4dd69987b0fb8af38070e940,4e663c9c7d8b85408b4502ca,0.130013761,24.66007294,46.78375141,24.65870994,46.78367579
155,4dd69987b0fb8af38070e940,4e663c9c7d8b85408b4502ca,0.130013761,24.66007294,46.78375141,24.66014181,46.78308032
156,4ec2ba5c775b802d1ff48dbf,4dd69987b0fb8af38070e940,0.084335503,24.66061901,46.78352929,24.66012502,46.78289601
157,4ec2ba5c775b802d1ff48dbf,4dd69987b0fb8af38070e940,0.084335503,24.66061901,46.78352929,24.65944826,46.78394517
158,4ec2ba5c775b802d1ff48dbf,4dd69987b0fb8af38070e940,0.084335503,24.66061901,46.78352929,24.66007294,46.78375141
159,4e663c9c7d8b85408b4502ca,4dd69987b0fb8af38070e940,0.130013761,24.65870994,46.78367579,24.66012502,46.78289601
160,4e663c9c7d8b85408b4502ca,4dd69987b0fb8af38070e940,0.130013761,24.65870994,46.78367579,24.65944826,46.78394517
161,4e663c9c7d8b85408b4502ca,4dd69987b0fb8af38070e940,0.130013761,24.65870994,46.78367579,24.66007294,46.78375141
162,4e663c9c7d8b85408b4502ca,4dd69987b0fb8af38070e940,0.130013761,24.66014181,46.78308032,24.66012502,46.78289601
163,4e663c9c7d8b85408b4502ca,4dd69987b0fb8af38070e940,0.130013761,24.66014181,46.78308032,24.65944826,46.78394517
164,4e663c9c7d8b85408b4502ca,4dd69987b0fb8af38070e940,0.130013761,24.66014181,46.78308032,24.66007294,46.78375141
165,4efdab659a520dfd643bd750,4dc2ea4afa7608e86fe52b0d,0.040071443,24.74305106,46.65814611,24.74283868,46.65846667
166,4efdab659a520dfd643bd750,4dc2ea4afa7608e86fe52b0d,0.040071443,24.74305106,46.65814611,24.74335006,46.65833938
167,4efdab659a520dfd643bd750,510a9299e4b0de3a2a1b168c,0.076323369,24.74305106,46.65814611,24.74371463,46.65833938
168,4efdab659a520dfd643bd750,510a9299e4b0de3a2a1b168c,0.076323369,24.74305106,46.65814611,24.74295671,46.65839124
169,4efdab659a520dfd643bd750,510a9299e4b0de3a2a1b168c,0.076323369,24.74305106,46.65814611,24.74312586,46.65856095
170,50583de6e4b02ba603de9f2e,4ea56ab7b80355a982f8cfa3,0.677321189,24.72438984,46.65726185,24.72473904,46.65747199
171,50583de6e4b02ba603de9f2e,4ea56ab7b80355a982f8cfa3,0.677321189,24.72438984,46.65726185,24.72776919,46.66328949
172,50583de6e4b02ba603de9f2e,4ea56ab7b80355a982f8cfa3,0.677321189,24.72438984,46.65726185,24.72574443,46.65949345
173,4ff3f389e4b05ae522acd704,4c2378557e85c9283495bd21,0.005746307,24.72567748,46.66023451,24.72568297,46.66017794
174,4ff3f389e4b05ae522acd704,4c2378557e85c9283495bd21,0.005746307,24.72567748,46.66023451,24.72537462,46.65907008
175,4ff3f389e4b05ae522acd704,4b78de8df964a52018e52ee3,0.075217284,24.72567748,46.66023451,24.71363798,46.63377527
176,4ea56ab7b80355a982f8cfa3,4b78de8df964a52018e52ee3,0.232772389,24.72473904,46.65747199,24.71363798,46.63377527
177,4ea56ab7b80355a982f8cfa3,4b78de8df964a52018e52ee3,0.232772389,24.72776919,46.66328949,24.71363798,46.63377527
178,4ea56ab7b80355a982f8cfa3,4b78de8df964a52018e52ee3,0.232772389,24.72574443,46.65949345,24.71363798,46.63377527
179,514a25f2e4b0b12bdd3b4f96,51756c70e4b0182f6ca786f4,1.756261606,24.78120185,46.66243315,24.80171389,46.65369616
180,514a25f2e4b0b12bdd3b4f96,51756c70e4b0182f6ca786f4,1.756261606,24.78120185,46.66243315,24.78667244,46.65900408
181,514a25f2e4b0b12bdd3b4f96,51756c70e4b0182f6ca786f4,1.756261606,24.78120185,46.66243315,24.79857591,46.65438116
182,4db1535243a1bea42bc84163,51829721498ef3589c3c04a5,0.025469981,24.78062714,46.73072219,24.78106335,46.73037164
183,4d1335a5d0fda093324eb157,4db1535243a1bea42bc84163,0.255073526,24.78128441,46.73043773,24.78062714,46.73072219
184,5392bba3498ee0e5e0b5258f,4d1335a5d0fda093324eb157,0.058200103,24.78306694,46.72963518,24.78128441,46.73043773
185,5392bba3498ee0e5e0b5258f,4d1335a5d0fda093324eb157,0.058200103,24.78197686,46.7316888,24.78128441,46.73043773
186,5392bba3498ee0e5e0b5258f,4d1335a5d0fda093324eb157,0.058200103,24.78352755,46.72990899,24.78128441,46.73043773
187,5392bba3498ee0e5e0b5258f,4d1335a5d0fda093324eb157,0.058200103,24.78134661,46.73032915,24.78128441,46.73043773
188,5042691be4b055ecd356a70e,4ea9bbd302d52c460a8980d5,0.016148252,24.78703715,46.66046551,24.78716742,46.66053623
189,5042691be4b055ecd356a70e,4ea9bbd302d52c460a8980d5,0.016148252,24.78703715,46.66046551,24.78716879,46.66074838
190,5042691be4b055ecd356a70e,4ea9bbd302d52c460a8980d5,0.016148252,24.78703715,46.66046551,24.79534398,46.6558928
191,4d9d743a83f36ea82234b894,4d4be007f523a143698f6f9d,0.126767209,24.74310921,46.6803216,24.74306883,46.6790671
192,4d9d743a83f36ea82234b894,4d4be007f523a143698f6f9d,0.126767209,24.74310921,46.6803216,24.74208446,46.68056684
193,516df5b9f31cd0ea72e739cb,4fd073eae4b03518ead765e2,0.010665237,24.73907201,46.68262317,24.74003804,46.68213738
194,516df5b9f31cd0ea72e739cb,4fd073eae4b03518ead765e2,0.010665237,24.73907201,46.68262317,24.74001061,46.68223858
195,516df5b9f31cd0ea72e739cb,4fd073eae4b03518ead765e2,0.010665237,24.73907201,46.68262317,24.74012754,46.68210983
196,516df5b9f31cd0ea72e739cb,4fd073eae4b03518ead765e2,0.010665237,24.73907201,46.68262317,24.736669,46.68378815
197,4c9b53239c663704381060fd,50013226e4b025b2580c51aa,0.13116305,24.74201595,46.68059043,24.74317947,46.68027444
198,509699e9e4b0e52fa47b9ed0,4e88ab018b81affddc4d1f91,0.084085536,24.73158235,46.69740669,24.73228367,46.69709532
199,4dd69987b0fb8af38070e940,4ecfd1a06c2510ace0371373,0.02565611,24.66012502,46.78289601,24.65997593,46.78308978
200,4dd69987b0fb8af38070e940,4ecfd1a06c2510ace0371373,0.02565611,24.65944826,46.78394517,24.65997593,46.78308978
201,4dd69987b0fb8af38070e940,4ecfd1a06c2510ace0371373,0.02565611,24.66007294,46.78375141,24.65997593,46.78308978
202,4e8db67782319c780c61818b,502d7916e4b0648636b82c30,0.019509616,24.73049903,46.67160206,24.730431,46.671424
203,4e8db67782319c780c61818b,502d7916e4b0648636b82c30,0.019509616,24.73049903,46.67160206,24.73056174,46.67179067
204,4f05abfab8f7dcbb400bac99,4c798fc193ef236aa517b00f,0.455728519,24.71813208,46.65852795,24.7355176,46.64836995
205,4f252b1be4b006e5c2e68f30,4c798fc193ef236aa517b00f,0.881679161,24.7212811,46.65611435,24.7355176,46.64836995
206,4f252b1be4b006e5c2e68f30,4c798fc193ef236aa517b00f,0.881679161,24.71517842,46.65994222,24.7355176,46.64836995
207,51b22ffa498eec8aca67b1d4,4c798fc193ef236aa517b00f,0.02668221,24.7143545,46.66084266,24.7355176,46.64836995
208,51b22ffa498eec8aca67b1d4,4c798fc193ef236aa517b00f,0.02668221,24.7171554,46.65892394,24.7355176,46.64836995
209,4dbd47e20cb691071cb6454a,4c798fc193ef236aa517b00f,0.725659602,24.70482438,46.66470861,24.7355176,46.64836995
210,4dbd47e20cb691071cb6454a,4c798fc193ef236aa517b00f,0.725659602,24.71459134,46.66080023,24.7355176,46.64836995
211,4f05abfab8f7dcbb400bac99,4f4bd898e4b0927adc54c536,0.593708503,24.71813208,46.65852795,24.72258694,46.65528774
212,4ea56ab7b80355a982f8cfa3,50583de6e4b02ba603de9f2e,0.677321189,24.72473904,46.65747199,24.72438984,46.65726185
213,4ea56ab7b80355a982f8cfa3,50583de6e4b02ba603de9f2e,0.677321189,24.72776919,46.66328949,24.72438984,46.65726185
214,4ea56ab7b80355a982f8cfa3,50583de6e4b02ba603de9f2e,0.677321189,24.72574443,46.65949345,24.72438984,46.65726185
215,51756c70e4b0182f6ca786f4,514a25f2e4b0b12bdd3b4f96,1.756261606,24.80171389,46.65369616,24.78120185,46.66243315
216,51756c70e4b0182f6ca786f4,514a25f2e4b0b12bdd3b4f96,1.756261606,24.78667244,46.65900408,24.78120185,46.66243315
217,51756c70e4b0182f6ca786f4,514a25f2e4b0b12bdd3b4f96,1.756261606,24.79857591,46.65438116,24.78120185,46.66243315
218,51756c70e4b0182f6ca786f4,50ffb51fe4b0a49395f7f300,0.572695648,24.80171389,46.65369616,24.80606786,46.65066533
219,51756c70e4b0182f6ca786f4,50ffb51fe4b0a49395f7f300,0.572695648,24.80171389,46.65369616,24.82011004,46.64234211
220,51756c70e4b0182f6ca786f4,50ffb51fe4b0a49395f7f300,0.572695648,24.78667244,46.65900408,24.80606786,46.65066533
221,51756c70e4b0182f6ca786f4,50ffb51fe4b0a49395f7f300,0.572695648,24.78667244,46.65900408,24.82011004,46.64234211
222,51756c70e4b0182f6ca786f4,50ffb51fe4b0a49395f7f300,0.572695648,24.79857591,46.65438116,24.80606786,46.65066533
223,51756c70e4b0182f6ca786f4,50ffb51fe4b0a49395f7f300,0.572695648,24.79857591,46.65438116,24.82011004,46.64234211
224,4fd073eae4b03518ead765e2,516df5b9f31cd0ea72e739cb,0.010665237,24.74003804,46.68213738,24.73907201,46.68262317
225,4fd073eae4b03518ead765e2,516df5b9f31cd0ea72e739cb,0.010665237,24.74001061,46.68223858,24.73907201,46.68262317
226,4fd073eae4b03518ead765e2,516df5b9f31cd0ea72e739cb,0.010665237,24.74012754,46.68210983,24.73907201,46.68262317
227,4fd073eae4b03518ead765e2,516df5b9f31cd0ea72e739cb,0.010665237,24.736669,46.68378815,24.73907201,46.68262317
228,50013226e4b025b2580c51aa,4f78ad95e4b00562b70989fa,0.134048147,24.74317947,46.68027444,24.74223873,46.6811045
229,50013226e4b025b2580c51aa,4f78ad95e4b00562b70989fa,0.134048147,24.74317947,46.68027444,24.74270811,46.67965662
230,50013226e4b025b2580c51aa,4f78ad95e4b00562b70989fa,0.134048147,24.74317947,46.68027444,24.74200892,46.68011409
231,4c798fc193ef236aa517b00f,4f252b1be4b006e5c2e68f30,0.881679161,24.7355176,46.64836995,24.7212811,46.65611435
232,4c798fc193ef236aa517b00f,4f252b1be4b006e5c2e68f30,0.881679161,24.7355176,46.64836995,24.71517842,46.65994222
233,4c798fc193ef236aa517b00f,51b22ffa498eec8aca67b1d4,0.02668221,24.7355176,46.64836995,24.7143545,46.66084266
234,4c798fc193ef236aa517b00f,51b22ffa498eec8aca67b1d4,0.02668221,24.7355176,46.64836995,24.7171554,46.65892394
235,54d9b9fa498ea38f91e08406,54f48dd8498e5a79cca0d7e5,0.010123357,24.80841486,46.61690504,24.808331,46.616866
236,4f78ad95e4b00562b70989fa,4c9b53239c663704381060fd,0.103232123,24.74223873,46.6811045,24.74201595,46.68059043
237,4f78ad95e4b00562b70989fa,4c9b53239c663704381060fd,0.103232123,24.74270811,46.67965662,24.74201595,46.68059043
238,4f78ad95e4b00562b70989fa,4c9b53239c663704381060fd,0.103232123,24.74200892,46.68011409,24.74201595,46.68059043
239,54a97aa3498e1d3830c722a6,55f5a11e498e0e311c40c623,0.078832948,24.76720176,46.71458729,24.76736781,46.71629576
240,54a97aa3498e1d3830c722a6,55f5a11e498e0e311c40c623,0.078832948,24.76694188,46.7163524,24.76736781,46.71629576
241,54a97aa3498e1d3830c722a6,55f5a11e498e0e311c40c623,0.078832948,24.76731958,46.71633352,24.76736781,46.71629576
242,54a97aa3498e1d3830c722a6,55f5a11e498e0e311c40c623,0.078832948,24.76656555,46.71493181,24.76736781,46.71629576
243,52c43f83498e0450ea105486,5318cc05498e56c34b1ff045,0.108834613,24.71376457,46.67235653,24.71278594,46.67237539
244,52c43f83498e0450ea105486,5318cc05498e56c34b1ff045,0.108834613,24.71295595,46.67318646,24.71278594,46.67237539
245,4b897856f964a520503932e3,4c84299051ada1cdb8ca2c10,20.24806776,24.68073287,46.67687416,24.85223651,46.60254089
246,4b897856f964a520503932e3,4c84299051ada1cdb8ca2c10,20.24806776,24.74235724,46.57704882,24.85223651,46.60254089
247,51b22ffa498eec8aca67b1d4,5298688b498ecb8271e30ab9,0.366824787,24.7143545,46.66084266,24.71736769,46.65875423
248,51b22ffa498eec8aca67b1d4,5298688b498ecb8271e30ab9,0.366824787,24.7143545,46.66084266,24.71875583,46.65805654
249,51b22ffa498eec8aca67b1d4,5298688b498ecb8271e30ab9,0.366824787,24.7171554,46.65892394,24.71736769,46.65875423
250,51b22ffa498eec8aca67b1d4,5298688b498ecb8271e30ab9,0.366824787,24.7171554,46.65892394,24.71875583,46.65805654
251,560a6995498e3c55b65fd97f,561920ab498e0c5c48df227d,0.018129067,24.8085693,46.61726302,24.801695,46.603491
252,560a6995498e3c55b65fd97f,561920ab498e0c5c48df227d,0.018129067,24.8085693,46.61726302,24.801635,46.603658
253,560a6995498e3c55b65fd97f,561920ab498e0c5c48df227d,0.018129067,24.80161558,46.60343558,24.801695,46.603491
254,560a6995498e3c55b65fd97f,561920ab498e0c5c48df227d,0.018129067,24.80161558,46.60343558,24.801635,46.603658
255,4c2c9f6ab34ad13aba8cebce,51816e24498e208c8ca3f1bd,0.052259758,24.70635114,46.68790587,24.70643299,46.6884153
256,4cc9bc93d338236a9c6ba47c,4bea77e6a9900f47f3841640,0.119295014,24.70508507,46.66429843,24.70442799,46.66523195
257,4cc9bc93d338236a9c6ba47c,4bea77e6a9900f47f3841640,0.119295014,24.70508507,46.66429843,24.70615723,46.66386939
258,51e84d06498ea35b580546b1,4b897856f964a520503932e3,2.998619053,24.7069265,46.66287461,24.68073287,46.67687416
259,51e84d06498ea35b580546b1,4b897856f964a520503932e3,2.998619053,24.7069265,46.66287461,24.74235724,46.57704882
260,51e84d06498ea35b580546b1,4b897856f964a520503932e3,2.998619053,24.75352339,46.61017928,24.68073287,46.67687416
261,51e84d06498ea35b580546b1,4b897856f964a520503932e3,2.998619053,24.75352339,46.61017928,24.74235724,46.57704882
262,51e84d06498ea35b580546b1,4b897856f964a520503932e3,2.998619053,24.67567677,46.66904637,24.68073287,46.67687416
263,51e84d06498ea35b580546b1,4b897856f964a520503932e3,2.998619053,24.67567677,46.66904637,24.74235724,46.57704882
264,51e84d06498ea35b580546b1,4b897856f964a520503932e3,2.998619053,24.70065887,46.67416259,24.68073287,46.67687416
265,51e84d06498ea35b580546b1,4b897856f964a520503932e3,2.998619053,24.70065887,46.67416259,24.74235724,46.57704882
266,51e84d06498ea35b580546b1,4b897856f964a520503932e3,2.998619053,24.68300483,46.67657706,24.68073287,46.67687416
267,51e84d06498ea35b580546b1,4b897856f964a520503932e3,2.998619053,24.68300483,46.67657706,24.74235724,46.57704882
268,561920ab498e0c5c48df227d,560a6995498e3c55b65fd97f,0.018129067,24.801695,46.603491,24.8085693,46.61726302
269,561920ab498e0c5c48df227d,560a6995498e3c55b65fd97f,0.018129067,24.801695,46.603491,24.80161558,46.60343558
270,561920ab498e0c5c48df227d,560a6995498e3c55b65fd97f,0.018129067,24.801635,46.603658,24.8085693,46.61726302
271,561920ab498e0c5c48df227d,560a6995498e3c55b65fd97f,0.018129067,24.801635,46.603658,24.80161558,46.60343558
272,4d1de1b8dd6a236a44642138,4d04b06554d0236a6594f0d5,0.294891013,24.70438107,46.68207228,24.70454573,46.67927461
273,4d1de1b8dd6a236a44642138,4d04b06554d0236a6594f0d5,0.294891013,24.70438107,46.68207228,24.70843854,46.68735399
274,4d1de1b8dd6a236a44642138,4d04b06554d0236a6594f0d5,0.294891013,24.70442487,46.6821421,24.70454573,46.67927461
275,4d1de1b8dd6a236a44642138,4d04b06554d0236a6594f0d5,0.294891013,24.70442487,46.6821421,24.70843854,46.68735399
276,4f817c97e4b0c7b85619c02f,4d04b06554d0236a6594f0d5,1.184152599,24.69531613,46.68288231,24.70454573,46.67927461
277,4f817c97e4b0c7b85619c02f,4d04b06554d0236a6594f0d5,1.184152599,24.69531613,46.68288231,24.70843854,46.68735399
278,4f817c97e4b0c7b85619c02f,4d04b06554d0236a6594f0d5,1.184152599,24.69432188,46.683864,24.70454573,46.67927461
279,4f817c97e4b0c7b85619c02f,4d04b06554d0236a6594f0d5,1.184152599,24.69432188,46.683864,24.70843854,46.68735399
280,4f817c97e4b0c7b85619c02f,4d04b06554d0236a6594f0d5,1.184152599,24.70549055,46.67942081,24.70454573,46.67927461
281,4f817c97e4b0c7b85619c02f,4d04b06554d0236a6594f0d5,1.184152599,24.70549055,46.67942081,24.70843854,46.68735399
282,4b838dfcf964a520950931e3,4dbd47e20cb691071cb6454a,0.159864877,24.70885767,46.66302076,24.70482438,46.66470861
283,4b838dfcf964a520950931e3,4dbd47e20cb691071cb6454a,0.159864877,24.70885767,46.66302076,24.71459134,46.66080023
284,4b838dfcf964a520950931e3,4dbd47e20cb691071cb6454a,0.159864877,24.70847805,46.66227586,24.70482438,46.66470861
285,4b838dfcf964a520950931e3,4dbd47e20cb691071cb6454a,0.159864877,24.70847805,46.66227586,24.71459134,46.66080023
286,4b838dfcf964a520950931e3,4dbd47e20cb691071cb6454a,0.159864877,24.708113,46.661667,24.70482438,46.66470861
287,4b838dfcf964a520950931e3,4dbd47e20cb691071cb6454a,0.159864877,24.708113,46.661667,24.71459134,46.66080023
288,4b838dfcf964a520950931e3,4dbd47e20cb691071cb6454a,0.159864877,24.69309847,46.67364387,24.70482438,46.66470861
289,4b838dfcf964a520950931e3,4dbd47e20cb691071cb6454a,0.159864877,24.69309847,46.67364387,24.71459134,46.66080023
290,555c9aa6498e86f0d8a20e2d,5540d43b498eccfc106a61f6,0.109554583,24.69669012,46.70220496,24.676143,46.67635
291,555c9aa6498e86f0d8a20e2d,5540d43b498eccfc106a61f6,0.109554583,24.69743576,46.7018794,24.676143,46.67635
292,555c9aa6498e86f0d8a20e2d,5540d43b498eccfc106a61f6,0.109554583,24.69726293,46.70308729,24.676143,46.67635
293,4d04b06554d0236a6594f0d5,4bcc31a7b6c49c74e64b9391,2.226105687,24.70454573,46.67927461,24.70348436,46.70134664
294,4d04b06554d0236a6594f0d5,4bcc31a7b6c49c74e64b9391,2.226105687,24.70454573,46.67927461,24.69986628,46.69135879
295,4d04b06554d0236a6594f0d5,4bcc31a7b6c49c74e64b9391,2.226105687,24.70843854,46.68735399,24.70348436,46.70134664
296,4d04b06554d0236a6594f0d5,4bcc31a7b6c49c74e64b9391,2.226105687,24.70843854,46.68735399,24.69986628,46.69135879
297,51120d23e4b0fe8b7a8d994b,4f744674e4b026e79186b5e4,11.35896298,25.1047004,46.63796426,25.00951082,46.59704122
298,51120d23e4b0fe8b7a8d994b,5273c53111d2ec099a13fe9a,5.159135601,25.1047004,46.63796426,25.133233,46.597556
299,51120d23e4b0fe8b7a8d994b,526bc398498edc288cd3af17,6.064830218,25.1047004,46.63796426,25.050894,46.64782322
300,51120d23e4b0fe8b7a8d994b,4f6b3475e4b0b949c4bff64e,14.49425013,25.1047004,46.63796426,25.19719338,46.53649561
301,4f3d6f66e4b0e602915a447c,4e88b75429c2ea60eefec400,0.832927698,24.87020448,46.80593999,24.86588652,46.79919351
302,4f3d6f66e4b0e602915a447c,4e88b75429c2ea60eefec400,0.832927698,24.87020448,46.80593999,24.85408635,46.77610065
303,4eeb82628b814fef89abbc58,5012fb8de4b0f8ec77f1da9d,0.073910858,24.69610883,46.70207757,24.69609594,46.70221567
304,4f561bcae4b0d0433013e4ee,5012fb8de4b0f8ec77f1da9d,0.154278177,24.69532563,46.70280419,24.69609594,46.70221567
305,4f561bcae4b0d0433013e4ee,5012fb8de4b0f8ec77f1da9d,0.154278177,24.69482679,46.70219553,24.69609594,46.70221567
306,4f561bcae4b0d0433013e4ee,5012fb8de4b0f8ec77f1da9d,0.154278177,24.6976738,46.70421028,24.69609594,46.70221567
307,4f561bcae4b0d0433013e4ee,5012fb8de4b0f8ec77f1da9d,0.154278177,24.69602892,46.70148779,24.69609594,46.70221567
308,5012fb8de4b0f8ec77f1da9d,4eeb82628b814fef89abbc58,0.073910858,24.69609594,46.70221567,24.69610883,46.70207757
309,4cd190ef7b685481edc9c7f8,4e99dbdfbe7bc875aa42960b,0.058375447,24.69298,46.69538,24.69290841,46.69467042
310,4cd190ef7b685481edc9c7f8,4e99dbdfbe7bc875aa42960b,0.058375447,24.69298,46.69538,24.69313033,46.69519407
311,4cd190ef7b685481edc9c7f8,4e99dbdfbe7bc875aa42960b,0.058375447,24.69298,46.69538,24.69325032,46.69545355
312,4cd190ef7b685481edc9c7f8,4f47ce0be4b0c8395ee2c605,0.727791393,24.69298,46.69538,24.69046739,46.68861341
313,4b71035af964a52053372de3,4ba24acef964a52067ea37e3,0.378256072,24.764943,46.750949,24.76548237,46.75464789
314,4f8dfd2ce4b0cb22872a2bf3,4f8dfe66e4b0036b6ebffec4,0.012357323,24.81863919,46.68666061,24.81875,46.68665118
315,51e06a2b498ed38b41183bea,4f08a3e6e4b0540ca2543782,0.808771979,24.663362,46.704217,24.69164565,46.7016718
316,51e06a2b498ed38b41183bea,4f08a3e6e4b0540ca2543782,0.808771979,24.663362,46.704217,24.68574201,46.70634779
317,51e06a2b498ed38b41183bea,4f08a3e6e4b0540ca2543782,0.808771979,24.66398904,46.7037573,24.69164565,46.7016718
318,51e06a2b498ed38b41183bea,4f08a3e6e4b0540ca2543782,0.808771979,24.66398904,46.7037573,24.68574201,46.70634779
319,51e06a2b498ed38b41183bea,4da5ec8a4b2280544b678da0,2.432940945,24.663362,46.704217,24.66398904,46.7037573
320,51e06a2b498ed38b41183bea,4da5ec8a4b2280544b678da0,2.432940945,24.663362,46.704217,24.66356887,46.70393661
321,51e06a2b498ed38b41183bea,4da5ec8a4b2280544b678da0,2.432940945,24.663362,46.704217,24.663668,46.7034674
322,51e06a2b498ed38b41183bea,4da5ec8a4b2280544b678da0,2.432940945,24.663362,46.704217,24.66348507,46.70386111
323,51e06a2b498ed38b41183bea,4da5ec8a4b2280544b678da0,2.432940945,24.663362,46.704217,24.66372237,46.70373371
324,51e06a2b498ed38b41183bea,4da5ec8a4b2280544b678da0,2.432940945,24.66398904,46.7037573,24.66398904,46.7037573
325,51e06a2b498ed38b41183bea,4da5ec8a4b2280544b678da0,2.432940945,24.66398904,46.7037573,24.66356887,46.70393661
326,51e06a2b498ed38b41183bea,4da5ec8a4b2280544b678da0,2.432940945,24.66398904,46.7037573,24.663668,46.7034674
327,51e06a2b498ed38b41183bea,4da5ec8a4b2280544b678da0,2.432940945,24.66398904,46.7037573,24.66348507,46.70386111
328,51e06a2b498ed38b41183bea,4da5ec8a4b2280544b678da0,2.432940945,24.66398904,46.7037573,24.66372237,46.70373371
329,4f561bcae4b0d0433013e4ee,4c192a06d4d9c928c28df029,1.376150749,24.69532563,46.70280419,24.70194433,46.69129372
330,4f561bcae4b0d0433013e4ee,4c192a06d4d9c928c28df029,1.376150749,24.69532563,46.70280419,24.6971783,46.68565594
331,4f561bcae4b0d0433013e4ee,4c192a06d4d9c928c28df029,1.376150749,24.69532563,46.70280419,24.70055741,46.69236829
332,4f561bcae4b0d0433013e4ee,4c192a06d4d9c928c28df029,1.376150749,24.69482679,46.70219553,24.70194433,46.69129372
333,4f561bcae4b0d0433013e4ee,4c192a06d4d9c928c28df029,1.376150749,24.69482679,46.70219553,24.6971783,46.68565594
334,4f561bcae4b0d0433013e4ee,4c192a06d4d9c928c28df029,1.376150749,24.69482679,46.70219553,24.70055741,46.69236829
335,4f561bcae4b0d0433013e4ee,4c192a06d4d9c928c28df029,1.376150749,24.6976738,46.70421028,24.70194433,46.69129372
336,4f561bcae4b0d0433013e4ee,4c192a06d4d9c928c28df029,1.376150749,24.6976738,46.70421028,24.6971783,46.68565594
337,4f561bcae4b0d0433013e4ee,4c192a06d4d9c928c28df029,1.376150749,24.6976738,46.70421028,24.70055741,46.69236829
338,4f561bcae4b0d0433013e4ee,4c192a06d4d9c928c28df029,1.376150749,24.69602892,46.70148779,24.70194433,46.69129372
339,4f561bcae4b0d0433013e4ee,4c192a06d4d9c928c28df029,1.376150749,24.69602892,46.70148779,24.6971783,46.68565594
340,4f561bcae4b0d0433013e4ee,4c192a06d4d9c928c28df029,1.376150749,24.69602892,46.70148779,24.70055741,46.69236829
341,4e99dbdfbe7bc875aa42960b,4cd190ef7b685481edc9c7f8,0.058375447,24.69290841,46.69467042,24.69298,46.69538
342,4e99dbdfbe7bc875aa42960b,4cd190ef7b685481edc9c7f8,0.058375447,24.69313033,46.69519407,24.69298,46.69538
343,4e99dbdfbe7bc875aa42960b,4cd190ef7b685481edc9c7f8,0.058375447,24.69325032,46.69545355,24.69298,46.69538
344,52efd23b11d2203926fb13d2,51865d865019e19c41709a6b,0.037083343,24.76793345,46.71485158,24.80570746,46.69336438
345,52efd23b11d2203926fb13d2,51865d865019e19c41709a6b,0.037083343,24.80613314,46.69297212,24.80570746,46.69336438
346,4ff8433ee4b002d4d3d4992c,51865d865019e19c41709a6b,0.022729665,24.80629429,46.69291079,24.80570746,46.69336438
347,4ff8433ee4b002d4d3d4992c,51865d865019e19c41709a6b,0.022729665,24.81884365,46.68668891,24.80570746,46.69336438
348,51929f90498e72002b46a05a,51865d865019e19c41709a6b,0.015625567,24.80604595,46.69293438,24.80570746,46.69336438
349,51929f90498e72002b46a05a,51865d865019e19c41709a6b,0.015625567,24.80613598,46.69305325,24.80570746,46.69336438
350,52efd23b11d2203926fb13d2,51929f90498e72002b46a05a,0.033786508,24.76793345,46.71485158,24.80604595,46.69293438
351,52efd23b11d2203926fb13d2,51929f90498e72002b46a05a,0.033786508,24.76793345,46.71485158,24.80613598,46.69305325
352,52efd23b11d2203926fb13d2,51929f90498e72002b46a05a,0.033786508,24.80613314,46.69297212,24.80604595,46.69293438
353,52efd23b11d2203926fb13d2,51929f90498e72002b46a05a,0.033786508,24.80613314,46.69297212,24.80613598,46.69305325
354,51865d865019e19c41709a6b,51929f90498e72002b46a05a,0.015625567,24.80570746,46.69336438,24.80604595,46.69293438
355,51865d865019e19c41709a6b,51929f90498e72002b46a05a,0.015625567,24.80570746,46.69336438,24.80613598,46.69305325
356,4ff8433ee4b002d4d3d4992c,51081ee0e4b093dcac39e0ec,0.016205082,24.80629429,46.69291079,24.80643775,46.6929391
357,4ff8433ee4b002d4d3d4992c,51081ee0e4b093dcac39e0ec,0.016205082,24.80629429,46.69291079,24.8058146,46.69315138
358,4ff8433ee4b002d4d3d4992c,51081ee0e4b093dcac39e0ec,0.016205082,24.81884365,46.68668891,24.80643775,46.6929391
359,4ff8433ee4b002d4d3d4992c,51081ee0e4b093dcac39e0ec,0.016205082,24.81884365,46.68668891,24.8058146,46.69315138
360,4ff8433ee4b002d4d3d4992c,519e2a43498e352a6e5be4de,0.020223727,24.80629429,46.69291079,24.80612762,46.69299099
361,4ff8433ee4b002d4d3d4992c,519e2a43498e352a6e5be4de,0.020223727,24.81884365,46.68668891,24.80612762,46.69299099
362,51865d865019e19c41709a6b,52efd23b11d2203926fb13d2,0.037083343,24.80570746,46.69336438,24.76793345,46.71485158
363,51865d865019e19c41709a6b,52efd23b11d2203926fb13d2,0.037083343,24.80570746,46.69336438,24.80613314,46.69297212
364,51081ee0e4b093dcac39e0ec,52efd23b11d2203926fb13d2,0.07252848,24.80643775,46.6929391,24.76793345,46.71485158
365,51081ee0e4b093dcac39e0ec,52efd23b11d2203926fb13d2,0.07252848,24.80643775,46.6929391,24.80613314,46.69297212
366,51081ee0e4b093dcac39e0ec,52efd23b11d2203926fb13d2,0.07252848,24.8058146,46.69315138,24.76793345,46.71485158
367,51081ee0e4b093dcac39e0ec,52efd23b11d2203926fb13d2,0.07252848,24.8058146,46.69315138,24.80613314,46.69297212
368,51865d865019e19c41709a6b,50716385e4b0559b4dbfcd84,0.018193719,24.80570746,46.69336438,24.806264,46.692941
369,51865d865019e19c41709a6b,5155aaffe4b0ea6b60f6a57a,0.019812413,24.80570746,46.69336438,24.8061,46.692861
370,4f08a3e6e4b0540ca2543782,51e06a2b498ed38b41183bea,0.808771979,24.69164565,46.7016718,24.663362,46.704217
371,4f08a3e6e4b0540ca2543782,51e06a2b498ed38b41183bea,0.808771979,24.69164565,46.7016718,24.66398904,46.7037573
372,4f08a3e6e4b0540ca2543782,51e06a2b498ed38b41183bea,0.808771979,24.68574201,46.70634779,24.663362,46.704217
373,4f08a3e6e4b0540ca2543782,51e06a2b498ed38b41183bea,0.808771979,24.68574201,46.70634779,24.66398904,46.7037573
374,4f08a3e6e4b0540ca2543782,4be84fce88ed2d7f9bb7cb1d,1.112506906,24.69164565,46.7016718,24.68299763,46.6977511
375,4f08a3e6e4b0540ca2543782,4be84fce88ed2d7f9bb7cb1d,1.112506906,24.68574201,46.70634779,24.68299763,46.6977511
376,4c4be510712ac9284c068a6d,4be84fce88ed2d7f9bb7cb1d,0.061131637,24.68293515,46.69746802,24.68299763,46.6977511
377,4c4be510712ac9284c068a6d,4be84fce88ed2d7f9bb7cb1d,0.061131637,24.68258512,46.69700146,24.68299763,46.6977511
378,4f08a3e6e4b0540ca2543782,4bcc8fa2b6c49c7455f09391,0.067779504,24.69164565,46.7016718,24.69199499,46.70112202
379,4f08a3e6e4b0540ca2543782,4bcc8fa2b6c49c7455f09391,0.067779504,24.68574201,46.70634779,24.69199499,46.70112202
380,4c192a06d4d9c928c28df029,4f0c62ade4b0065899e607da,0.08472562,24.70194433,46.69129372,24.7026117,46.69169843
381,4c192a06d4d9c928c28df029,4f0c62ade4b0065899e607da,0.08472562,24.70194433,46.69129372,24.701632,46.691744
382,4c192a06d4d9c928c28df029,4f0c62ade4b0065899e607da,0.08472562,24.70194433,46.69129372,24.6997348,46.69093895
383,4c192a06d4d9c928c28df029,4f0c62ade4b0065899e607da,0.08472562,24.6971783,46.68565594,24.7026117,46.69169843
384,4c192a06d4d9c928c28df029,4f0c62ade4b0065899e607da,0.08472562,24.6971783,46.68565594,24.701632,46.691744
385,4c192a06d4d9c928c28df029,4f0c62ade4b0065899e607da,0.08472562,24.6971783,46.68565594,24.6997348,46.69093895
386,4c192a06d4d9c928c28df029,4f0c62ade4b0065899e607da,0.08472562,24.70055741,46.69236829,24.7026117,46.69169843
387,4c192a06d4d9c928c28df029,4f0c62ade4b0065899e607da,0.08472562,24.70055741,46.69236829,24.701632,46.691744
388,4c192a06d4d9c928c28df029,4f0c62ade4b0065899e607da,0.08472562,24.70055741,46.69236829,24.6997348,46.69093895
389,54a2adb4498e1c9f0f01199b,543434a0498e92eb4a7edc7e,0.080357483,24.80777009,46.7369814,24.80868674,46.73543275
390,54a2adb4498e1c9f0f01199b,543434a0498e92eb4a7edc7e,0.080357483,24.80777009,46.7369814,24.80731253,46.73712776
391,54bd3160498e8cea0236caff,543434a0498e92eb4a7edc7e,0.041891842,24.8096768,46.73477647,24.80868674,46.73543275
392,54bd3160498e8cea0236caff,543434a0498e92eb4a7edc7e,0.041891842,24.8096768,46.73477647,24.80731253,46.73712776
393,54bd3160498e8cea0236caff,543434a0498e92eb4a7edc7e,0.041891842,24.80879129,46.73527694,24.80868674,46.73543275
394,54bd3160498e8cea0236caff,543434a0498e92eb4a7edc7e,0.041891842,24.80879129,46.73527694,24.80731253,46.73712776
395,536e07f8498ee2f0d56d8f91,543434a0498e92eb4a7edc7e,0.976493196,24.81769397,46.7319343,24.80868674,46.73543275
396,536e07f8498ee2f0d56d8f91,543434a0498e92eb4a7edc7e,0.976493196,24.81769397,46.7319343,24.80731253,46.73712776
397,536e07f8498ee2f0d56d8f91,543434a0498e92eb4a7edc7e,0.976493196,24.80936994,46.73501726,24.80868674,46.73543275
398,536e07f8498ee2f0d56d8f91,543434a0498e92eb4a7edc7e,0.976493196,24.80936994,46.73501726,24.80731253,46.73712776
399,536e07f8498ee2f0d56d8f91,543434a0498e92eb4a7edc7e,0.976493196,24.80987328,46.73444598,24.80868674,46.73543275
400,536e07f8498ee2f0d56d8f91,543434a0498e92eb4a7edc7e,0.976493196,24.80987328,46.73444598,24.80731253,46.73712776
401,54a2adb4498e1c9f0f01199b,54bd3160498e8cea0236caff,0.039875354,24.80777009,46.7369814,24.8096768,46.73477647
402,54a2adb4498e1c9f0f01199b,54bd3160498e8cea0236caff,0.039875354,24.80777009,46.7369814,24.80879129,46.73527694
403,543434a0498e92eb4a7edc7e,54a2adb4498e1c9f0f01199b,0.080357483,24.80868674,46.73543275,24.80777009,46.7369814
404,543434a0498e92eb4a7edc7e,54a2adb4498e1c9f0f01199b,0.080357483,24.80731253,46.73712776,24.80777009,46.7369814
405,54bd3160498e8cea0236caff,54a2adb4498e1c9f0f01199b,0.039875354,24.8096768,46.73477647,24.80777009,46.7369814
406,54bd3160498e8cea0236caff,54a2adb4498e1c9f0f01199b,0.039875354,24.80879129,46.73527694,24.80777009,46.7369814
407,536e07f8498ee2f0d56d8f91,54a2adb4498e1c9f0f01199b,0.905817003,24.81769397,46.7319343,24.80777009,46.7369814
408,536e07f8498ee2f0d56d8f91,54a2adb4498e1c9f0f01199b,0.905817003,24.80936994,46.73501726,24.80777009,46.7369814
409,536e07f8498ee2f0d56d8f91,54a2adb4498e1c9f0f01199b,0.905817003,24.80987328,46.73444598,24.80777009,46.7369814
410,543434a0498e92eb4a7edc7e,536e07f8498ee2f0d56d8f91,0.976493196,24.80868674,46.73543275,24.81769397,46.7319343
411,543434a0498e92eb4a7edc7e,536e07f8498ee2f0d56d8f91,0.976493196,24.80868674,46.73543275,24.80936994,46.73501726
412,543434a0498e92eb4a7edc7e,536e07f8498ee2f0d56d8f91,0.976493196,24.80868674,46.73543275,24.80987328,46.73444598
413,543434a0498e92eb4a7edc7e,536e07f8498ee2f0d56d8f91,0.976493196,24.80731253,46.73712776,24.81769397,46.7319343
414,543434a0498e92eb4a7edc7e,536e07f8498ee2f0d56d8f91,0.976493196,24.80731253,46.73712776,24.80936994,46.73501726
415,543434a0498e92eb4a7edc7e,536e07f8498ee2f0d56d8f91,0.976493196,24.80731253,46.73712776,24.80987328,46.73444598
416,4b7fff0bf964a520924930e3,506f16bfe4b0eefb57fca019,0.016451291,24.7670611,46.75571062,24.76717506,46.75581454
417,4be84fce88ed2d7f9bb7cb1d,4bc223d074a9a59359d2d2f6,0.655582018,24.68299763,46.6977511,24.68179752,46.69057101
418,4be84fce88ed2d7f9bb7cb1d,4bc223d074a9a59359d2d2f6,0.655582018,24.68299763,46.6977511,24.68950298,46.6867974
419,4be84fce88ed2d7f9bb7cb1d,4bc223d074a9a59359d2d2f6,0.655582018,24.68299763,46.6977511,24.6902647,46.68509937
420,4be84fce88ed2d7f9bb7cb1d,4c4be510712ac9284c068a6d,0.061131637,24.68299763,46.6977511,24.68293515,46.69746802
421,4be84fce88ed2d7f9bb7cb1d,4c4be510712ac9284c068a6d,0.061131637,24.68299763,46.6977511,24.68258512,46.69700146
422,4be84fce88ed2d7f9bb7cb1d,4f817c97e4b0c7b85619c02f,2.009674775,24.68299763,46.6977511,24.69531613,46.68288231
423,4be84fce88ed2d7f9bb7cb1d,4f817c97e4b0c7b85619c02f,2.009674775,24.68299763,46.6977511,24.69432188,46.683864
424,4be84fce88ed2d7f9bb7cb1d,4f817c97e4b0c7b85619c02f,2.009674775,24.68299763,46.6977511,24.70549055,46.67942081
425,4fae7373e4b08a2bb957d118,511808e6e4b0d096b601a12a,9.635185439,24.75355424,46.72396101,24.833988,46.759465
426,4fae7373e4b08a2bb957d118,511808e6e4b0d096b601a12a,9.635185439,24.75814919,46.7338747,24.833988,46.759465
427,4ea2f07e722ec75ade815508,4e7c9e0a88777c30772abe29,0.059474319,24.76764867,46.75704262,24.76794691,46.75790702
428,4ea2f07e722ec75ade815508,4e7c9e0a88777c30772abe29,0.059474319,24.76764867,46.75704262,24.76789007,46.7573213
429,4ea2f07e722ec75ade815508,4e7c9e0a88777c30772abe29,0.059474319,24.76764867,46.75704262,24.76707678,46.75623536
430,4ea2f07e722ec75ade815508,4e7c9e0a88777c30772abe29,0.059474319,24.76764867,46.75704262,24.767025,46.75593734
431,4ea2f07e722ec75ade815508,4e7c9e0a88777c30772abe29,0.059474319,24.76764867,46.75704262,24.76715527,46.75582398
432,4ea2f07e722ec75ade815508,4e7c9e0a88777c30772abe29,0.059474319,24.76686813,46.75557365,24.76794691,46.75790702
433,4ea2f07e722ec75ade815508,4e7c9e0a88777c30772abe29,0.059474319,24.76686813,46.75557365,24.76789007,46.7573213
434,4ea2f07e722ec75ade815508,4e7c9e0a88777c30772abe29,0.059474319,24.76686813,46.75557365,24.76707678,46.75623536
435,4ea2f07e722ec75ade815508,4e7c9e0a88777c30772abe29,0.059474319,24.76686813,46.75557365,24.767025,46.75593734
436,4ea2f07e722ec75ade815508,4e7c9e0a88777c30772abe29,0.059474319,24.76686813,46.75557365,24.76715527,46.75582398
437,50ae0262e4b042e77fd721ab,4ea2f07e722ec75ade815508,0.069221922,24.76747899,46.75680645,24.76764867,46.75704262
438,50ae0262e4b042e77fd721ab,4ea2f07e722ec75ade815508,0.069221922,24.76747899,46.75680645,24.76686813,46.75557365
439,50ae0262e4b042e77fd721ab,4ea2f07e722ec75ade815508,0.069221922,24.78086629,46.7307682,24.76764867,46.75704262
440,50ae0262e4b042e77fd721ab,4ea2f07e722ec75ade815508,0.069221922,24.78086629,46.7307682,24.76686813,46.75557365
441,50ae0262e4b042e77fd721ab,4ea2f07e722ec75ade815508,0.069221922,24.82710995,46.79398416,24.76764867,46.75704262
442,50ae0262e4b042e77fd721ab,4ea2f07e722ec75ade815508,0.069221922,24.82710995,46.79398416,24.76686813,46.75557365
443,4e7c9e0a88777c30772abe29,4ea2f07e722ec75ade815508,0.059474319,24.76794691,46.75790702,24.76764867,46.75704262
444,4e7c9e0a88777c30772abe29,4ea2f07e722ec75ade815508,0.059474319,24.76794691,46.75790702,24.76686813,46.75557365
445,4e7c9e0a88777c30772abe29,4ea2f07e722ec75ade815508,0.059474319,24.76789007,46.7573213,24.76764867,46.75704262
446,4e7c9e0a88777c30772abe29,4ea2f07e722ec75ade815508,0.059474319,24.76789007,46.7573213,24.76686813,46.75557365
447,4e7c9e0a88777c30772abe29,4ea2f07e722ec75ade815508,0.059474319,24.76707678,46.75623536,24.76764867,46.75704262
448,4e7c9e0a88777c30772abe29,4ea2f07e722ec75ade815508,0.059474319,24.76707678,46.75623536,24.76686813,46.75557365
449,4e7c9e0a88777c30772abe29,4ea2f07e722ec75ade815508,0.059474319,24.767025,46.75593734,24.76764867,46.75704262
450,4e7c9e0a88777c30772abe29,4ea2f07e722ec75ade815508,0.059474319,24.767025,46.75593734,24.76686813,46.75557365
451,4e7c9e0a88777c30772abe29,4ea2f07e722ec75ade815508,0.059474319,24.76715527,46.75582398,24.76764867,46.75704262
452,4e7c9e0a88777c30772abe29,4ea2f07e722ec75ade815508,0.059474319,24.76715527,46.75582398,24.76686813,46.75557365
453,4bc223d074a9a59359d2d2f6,4cc3237ab2beb1f7d99e144c,7.315809111,24.68179752,46.69057101,24.7473243,46.68406642
454,4bc223d074a9a59359d2d2f6,4cc3237ab2beb1f7d99e144c,7.315809111,24.68179752,46.69057101,24.74491545,46.67949155
455,4bc223d074a9a59359d2d2f6,4cc3237ab2beb1f7d99e144c,7.315809111,24.68179752,46.69057101,24.73872439,46.6831398
456,4bc223d074a9a59359d2d2f6,4cc3237ab2beb1f7d99e144c,7.315809111,24.68179752,46.69057101,24.74108246,46.69710875
457,4bc223d074a9a59359d2d2f6,4cc3237ab2beb1f7d99e144c,7.315809111,24.68950298,46.6867974,24.7473243,46.68406642
458,4bc223d074a9a59359d2d2f6,4cc3237ab2beb1f7d99e144c,7.315809111,24.68950298,46.6867974,24.74491545,46.67949155
459,4bc223d074a9a59359d2d2f6,4cc3237ab2beb1f7d99e144c,7.315809111,24.68950298,46.6867974,24.73872439,46.6831398
460,4bc223d074a9a59359d2d2f6,4cc3237ab2beb1f7d99e144c,7.315809111,24.68950298,46.6867974,24.74108246,46.69710875
461,4bc223d074a9a59359d2d2f6,4cc3237ab2beb1f7d99e144c,7.315809111,24.6902647,46.68509937,24.7473243,46.68406642
462,4bc223d074a9a59359d2d2f6,4cc3237ab2beb1f7d99e144c,7.315809111,24.6902647,46.68509937,24.74491545,46.67949155
463,4bc223d074a9a59359d2d2f6,4cc3237ab2beb1f7d99e144c,7.315809111,24.6902647,46.68509937,24.73872439,46.6831398
464,4bc223d074a9a59359d2d2f6,4cc3237ab2beb1f7d99e144c,7.315809111,24.6902647,46.68509937,24.74108246,46.69710875
465,4cc3237ab2beb1f7d99e144c,4b8f57b6f964a520025233e3,0.906058648,24.7473243,46.68406642,24.75507408,46.68129444
466,4cc3237ab2beb1f7d99e144c,4b8f57b6f964a520025233e3,0.906058648,24.7473243,46.68406642,24.76928652,46.66440215
467,4cc3237ab2beb1f7d99e144c,4b8f57b6f964a520025233e3,0.906058648,24.7473243,46.68406642,24.65957518,46.78713062
468,4cc3237ab2beb1f7d99e144c,4b8f57b6f964a520025233e3,0.906058648,24.7473243,46.68406642,24.7724354,46.67296011
469,4cc3237ab2beb1f7d99e144c,4b8f57b6f964a520025233e3,0.906058648,24.74491545,46.67949155,24.75507408,46.68129444
470,4cc3237ab2beb1f7d99e144c,4b8f57b6f964a520025233e3,0.906058648,24.74491545,46.67949155,24.76928652,46.66440215
471,4cc3237ab2beb1f7d99e144c,4b8f57b6f964a520025233e3,0.906058648,24.74491545,46.67949155,24.65957518,46.78713062
472,4cc3237ab2beb1f7d99e144c,4b8f57b6f964a520025233e3,0.906058648,24.74491545,46.67949155,24.7724354,46.67296011
473,4cc3237ab2beb1f7d99e144c,4b8f57b6f964a520025233e3,0.906058648,24.73872439,46.6831398,24.75507408,46.68129444
474,4cc3237ab2beb1f7d99e144c,4b8f57b6f964a520025233e3,0.906058648,24.73872439,46.6831398,24.76928652,46.66440215
475,4cc3237ab2beb1f7d99e144c,4b8f57b6f964a520025233e3,0.906058648,24.73872439,46.6831398,24.65957518,46.78713062
476,4cc3237ab2beb1f7d99e144c,4b8f57b6f964a520025233e3,0.906058648,24.73872439,46.6831398,24.7724354,46.67296011
477,4cc3237ab2beb1f7d99e144c,4b8f57b6f964a520025233e3,0.906058648,24.74108246,46.69710875,24.75507408,46.68129444
478,4cc3237ab2beb1f7d99e144c,4b8f57b6f964a520025233e3,0.906058648,24.74108246,46.69710875,24.76928652,46.66440215
479,4cc3237ab2beb1f7d99e144c,4b8f57b6f964a520025233e3,0.906058648,24.74108246,46.69710875,24.65957518,46.78713062
480,4cc3237ab2beb1f7d99e144c,4b8f57b6f964a520025233e3,0.906058648,24.74108246,46.69710875,24.7724354,46.67296011
481,4c4c53dbc668e21ee8525afb,4b8d3a23f964a52088ee32e3,1.454858157,24.70163682,46.68061401,24.73555056,46.64830868
482,4c892e4897828cfa5630a2aa,4b8d3a23f964a52088ee32e3,0.923795417,24.71671738,46.68273637,24.73555056,46.64830868
483,4c892e4897828cfa5630a2aa,4b8d3a23f964a52088ee32e3,0.923795417,24.71490971,46.67785585,24.73555056,46.64830868
484,4c892e4897828cfa5630a2aa,4b8d3a23f964a52088ee32e3,0.923795417,24.71208307,46.67446911,24.73555056,46.64830868
485,4c892e4897828cfa5630a2aa,4b8d3a23f964a52088ee32e3,0.923795417,24.69712918,46.68392301,24.73555056,46.64830868
486,4b72bbd3f964a52006862de3,4b8d3a23f964a52088ee32e3,0.112267644,24.72084249,46.69192135,24.73555056,46.64830868
487,4b72bbd3f964a52006862de3,4b8d3a23f964a52088ee32e3,0.112267644,24.72044028,46.69133992,24.73555056,46.64830868
488,4b72bbd3f964a52006862de3,4b8d3a23f964a52088ee32e3,0.112267644,24.7269577,46.69074118,24.73555056,46.64830868
489,4b72bbd3f964a52006862de3,4b8d3a23f964a52088ee32e3,0.112267644,24.72051966,46.6908682,24.73555056,46.64830868
490,4ea674069a524accd190a45d,4eaac9cecc217eb08e78c735,1.507847225,24.69977979,46.67742592,24.69228232,46.67018274
491,4ea674069a524accd190a45d,4eaac9cecc217eb08e78c735,1.507847225,24.71350258,46.67506328,24.69228232,46.67018274
492,4f41391be4b0f7b459efed08,4eaac9cecc217eb08e78c735,0.503433186,24.7135866,46.67606303,24.69228232,46.67018274
493,4f41391be4b0f7b459efed08,4eaac9cecc217eb08e78c735,0.503433186,24.68958374,46.68597668,24.69228232,46.67018274
494,4d6174ab73e76a311d0ce196,4eaac9cecc217eb08e78c735,0.781675637,24.71507682,46.67837384,24.69228232,46.67018274
495,4d6174ab73e76a311d0ce196,4eaac9cecc217eb08e78c735,0.781675637,24.71215916,46.67133328,24.69228232,46.67018274
496,4d6174ab73e76a311d0ce196,4eaac9cecc217eb08e78c735,0.781675637,24.71393429,46.67636956,24.69228232,46.67018274
497,4d6174ab73e76a311d0ce196,4eaac9cecc217eb08e78c735,0.781675637,24.74361948,46.65829696,24.69228232,46.67018274
498,4b8f57b6f964a520025233e3,4f510a56e4b0390b959de7ab,0.272562421,24.75507408,46.68129444,24.75600192,46.68379286
499,4b8f57b6f964a520025233e3,4f510a56e4b0390b959de7ab,0.272562421,24.76928652,46.66440215,24.75600192,46.68379286
500,4b8f57b6f964a520025233e3,4f510a56e4b0390b959de7ab,0.272562421,24.65957518,46.78713062,24.75600192,46.68379286
501,4b8f57b6f964a520025233e3,4f510a56e4b0390b959de7ab,0.272562421,24.7724354,46.67296011,24.75600192,46.68379286
502,4b8d3a23f964a52088ee32e3,4c4c53dbc668e21ee8525afb,1.454858157,24.73555056,46.64830868,24.70163682,46.68061401
503,4d6174ab73e76a311d0ce196,4c4c53dbc668e21ee8525afb,0.055523226,24.71507682,46.67837384,24.70163682,46.68061401
504,4d6174ab73e76a311d0ce196,4c4c53dbc668e21ee8525afb,0.055523226,24.71215916,46.67133328,24.70163682,46.68061401
505,4d6174ab73e76a311d0ce196,4c4c53dbc668e21ee8525afb,0.055523226,24.71393429,46.67636956,24.70163682,46.68061401
506,4d6174ab73e76a311d0ce196,4c4c53dbc668e21ee8525afb,0.055523226,24.74361948,46.65829696,24.70163682,46.68061401
507,4c892e4897828cfa5630a2aa,4c4c53dbc668e21ee8525afb,0.532378046,24.71671738,46.68273637,24.70163682,46.68061401
508,4c892e4897828cfa5630a2aa,4c4c53dbc668e21ee8525afb,0.532378046,24.71490971,46.67785585,24.70163682,46.68061401
509,4c892e4897828cfa5630a2aa,4c4c53dbc668e21ee8525afb,0.532378046,24.71208307,46.67446911,24.70163682,46.68061401
510,4c892e4897828cfa5630a2aa,4c4c53dbc668e21ee8525afb,0.532378046,24.69712918,46.68392301,24.70163682,46.68061401
511,4b8d3a23f964a52088ee32e3,4c892e4897828cfa5630a2aa,0.923795417,24.73555056,46.64830868,24.71671738,46.68273637
512,4b8d3a23f964a52088ee32e3,4c892e4897828cfa5630a2aa,0.923795417,24.73555056,46.64830868,24.71490971,46.67785585
513,4b8d3a23f964a52088ee32e3,4c892e4897828cfa5630a2aa,0.923795417,24.73555056,46.64830868,24.71208307,46.67446911
514,4b8d3a23f964a52088ee32e3,4c892e4897828cfa5630a2aa,0.923795417,24.73555056,46.64830868,24.69712918,46.68392301
515,4eaac9cecc217eb08e78c735,4d6fe31c0187236a34ada2ba,0.045251865,24.69228232,46.67018274,24.71221822,46.67089004
516,4f510a56e4b0390b959de7ab,4d629fbd865a224b9119c485,0.21995529,24.75600192,46.68379286,24.75676934,46.68580055
517,4f510a56e4b0390b959de7ab,548ae2fb498e928ab65ea574,0.014990601,24.75600192,46.68379286,24.75602527,46.68364665
518,4f510a56e4b0390b959de7ab,4ead94b0dab4a75e0a2724a8,0.045216235,24.75600192,46.68379286,24.7558493,46.68337781
519,4b72bbd3f964a52006862de3,4f6f2e3be4b0e3b3be8a7752,2.098300451,24.72084249,46.69192135,24.70861594,46.70774454
520,4b72bbd3f964a52006862de3,4f6f2e3be4b0e3b3be8a7752,2.098300451,24.72084249,46.69192135,24.69406832,46.72288478
521,4b72bbd3f964a52006862de3,4f6f2e3be4b0e3b3be8a7752,2.098300451,24.72044028,46.69133992,24.70861594,46.70774454
522,4b72bbd3f964a52006862de3,4f6f2e3be4b0e3b3be8a7752,2.098300451,24.72044028,46.69133992,24.69406832,46.72288478
523,4b72bbd3f964a52006862de3,4f6f2e3be4b0e3b3be8a7752,2.098300451,24.7269577,46.69074118,24.70861594,46.70774454
524,4b72bbd3f964a52006862de3,4f6f2e3be4b0e3b3be8a7752,2.098300451,24.7269577,46.69074118,24.69406832,46.72288478
525,4b72bbd3f964a52006862de3,4f6f2e3be4b0e3b3be8a7752,2.098300451,24.72051966,46.6908682,24.70861594,46.70774454
526,4b72bbd3f964a52006862de3,4f6f2e3be4b0e3b3be8a7752,2.098300451,24.72051966,46.6908682,24.69406832,46.72288478
527,4bb78b8f3db7b7139222209a,5193a1ad498eb76c92f3fb9d,0.832513576,24.71270464,46.69972658,24.70914995,46.7069801
528,4bb78b8f3db7b7139222209a,5193a1ad498eb76c92f3fb9d,0.832513576,24.71270464,46.69972658,24.72174972,46.69672261
529,4bb78b8f3db7b7139222209a,5193a1ad498eb76c92f3fb9d,0.832513576,24.71270464,46.69972658,24.7452479,46.68244395
530,4bb78b8f3db7b7139222209a,5193a1ad498eb76c92f3fb9d,0.832513576,24.71270464,46.69972658,24.69737751,46.70215778
531,4bb78b8f3db7b7139222209a,5193a1ad498eb76c92f3fb9d,0.832513576,24.71270464,46.69972658,24.74293381,46.67992115
532,4bb78b8f3db7b7139222209a,5193a1ad498eb76c92f3fb9d,0.832513576,24.71163255,46.67477131,24.70914995,46.7069801
533,4bb78b8f3db7b7139222209a,5193a1ad498eb76c92f3fb9d,0.832513576,24.71163255,46.67477131,24.72174972,46.69672261
534,4bb78b8f3db7b7139222209a,5193a1ad498eb76c92f3fb9d,0.832513576,24.71163255,46.67477131,24.7452479,46.68244395
535,4bb78b8f3db7b7139222209a,5193a1ad498eb76c92f3fb9d,0.832513576,24.71163255,46.67477131,24.69737751,46.70215778
536,4bb78b8f3db7b7139222209a,5193a1ad498eb76c92f3fb9d,0.832513576,24.71163255,46.67477131,24.74293381,46.67992115
